dataset,celula,framework,papel,experiment_id,n,n_pontuaveis,gold_suspect,correct,partial,incorrect,refusal,estrita,lenient,recusa,cobertura,seletiva,acordo_passes,docs_q,recall_5,recall_pool,all_gold_5,n_recuperacao,delta_vs_denso_pp,p_holm,significativo,n_pareado,nota
musique,closed_book,—,piso,musique_eval1k_closed_book,1000,992,8,207,74,532,179,0.2087,0.2460,0.1790,0.8210,0.2542,0.9660,,,,,,,,,,sem recuperação
musique,vector_v1free,denso,baseline,musique_eval1k_vector_v1free,1000,992,8,459,76,422,35,0.4627,0.5010,0.0350,0.9650,0.4795,0.9740,4.9220,0.5533,0.5533,0.2180,1000,,,,,"recuperação medida na célula gémea v2 (mesmo retriever, leitor diferente), como na tese; a própria célula v1free dá recall@5 0.5528 e all_gold@5 0.217, porque as duas execuções diferem no top-5 de 8 das 1.000 perguntas e numa delas isso muda o all_gold@5"
musique,hipporag2_v1free_official,HippoRAG 2,grafo,musique_eval1k_hipporag2_v1free_official,1000,991,9,497,75,392,27,0.5015,0.5394,0.0270,0.9730,0.5154,0.9730,5.0000,0.6033,0.6033,0.3030,1000,3.8,0.010282,sim,991,"recuperação recalculada do cru (índice oficial, posterior à auditoria)"
musique,lightrag_v1free,LightRAG,grafo,musique_eval1k_lightrag_v1free,1000,992,8,515,83,359,35,0.5192,0.5610,0.0350,0.9650,0.5380,0.9630,20.0000,0.5060,0.7044,0.1810,1000,5.7,6.3e-05,sim,992,
musique,ms_graphrag_v1free,Microsoft GraphRAG,grafo,musique_eval1k_ms_graphrag_v1free,1000,992,8,491,69,395,37,0.4950,0.5297,0.0370,0.9630,0.5140,0.9730,16.5650,0.4465,0.6146,0.1670,1000,3.2,0.024258,sim,992,
musique,cognee_v1free_k5,Cognee,grafo,musique_eval1k_cognee_v1free_k5,1000,992,8,398,87,452,55,0.4012,0.4451,0.0550,0.9450,0.4246,0.9710,2.7610,0.4342,0.4342,0.1090,1000,-6.2,2.1e-05,sim,992,cognee não devolve lista ranqueada; @k reportado com essa ressalva
musique,oracle_gold_v1free,—,teto,musique_eval1k_oracle_gold_v1free,1000,991,9,763,43,178,7,0.7699,0.7916,0.0070,0.9930,0.7754,0.9730,2.6120,1.0000,1.0000,1.0000,1000,,,,,
twowiki,closed_book,—,piso,twowiki_eval1k_closed_book,1000,1000,0,335,27,459,179,0.3350,0.3485,0.1790,0.8210,0.4080,0.9890,,,,,,,,,,sem recuperação
twowiki,vector_v1free,denso,baseline,twowiki_eval1k_vector_v1free,1000,1000,0,678,55,238,29,0.6780,0.7055,0.0290,0.9710,0.6982,0.9880,4.8200,0.7035,0.7035,0.4090,1000,,,,,
twowiki,hipporag2_v1free_official,HippoRAG 2,grafo,twowiki_eval1k_hipporag2_v1free_official,1000,999,1,800,34,149,16,0.8008,0.8178,0.0160,0.9840,0.8138,0.9870,5.0000,0.8643,0.8643,0.6720,1000,12.2,<1e-06,sim,999,"recuperação recalculada do cru (índice oficial, posterior à auditoria)"
twowiki,lightrag_v1free,LightRAG,grafo,twowiki_eval1k_lightrag_v1free,1000,1000,0,731,52,191,26,0.7310,0.7570,0.0260,0.9740,0.7505,0.9870,19.9990,0.6927,0.7772,0.4000,1000,5.3,2e-06,sim,1000,
twowiki,ms_graphrag_v1free,Microsoft GraphRAG,grafo,twowiki_eval1k_ms_graphrag_v1free,1000,1000,0,694,34,233,39,0.6940,0.7110,0.0390,0.9610,0.7222,0.9890,12.9510,0.6075,0.6695,0.2980,1000,1.6,0.302904,nao,1000,
twowiki,cognee_v1free_k5,Cognee,grafo,twowiki_eval1k_cognee_v1free_k5,1000,999,1,614,55,289,41,0.6146,0.6421,0.0410,0.9590,0.6409,0.9860,2.4600,0.6250,0.6250,0.2660,1000,-6.3,1e-06,sim,999,cognee não devolve lista ranqueada; @k reportado com essa ressalva
twowiki,oracle_gold_v1free,—,teto,twowiki_eval1k_oracle_gold_v1free,1000,1000,0,890,39,67,4,0.8900,0.9095,0.0040,0.9960,0.8936,0.9910,2.4700,1.0000,1.0000,1.0000,1000,,,,,
